FedDistrict,Region,City,2009,2010,2011,2012,2013
Центральный,Белгородская,Грайворон,30,32,34,36,36
Центральный,Белгородская,Короча,79,78,80,89,95
Центральный,Белгородская,Бирюч,63,65,79,85,89
Центральный,Белгородская,Новый Оскол,98,98,102,103,103
Центральный,Белгородская,Строитель,,,,,
Центральный,Белгородская,Белгород,367,379,380,380,381
Центральный,Белгородская,Алексеевка,138,140,141,143,146
Центральный,Белгородская,Валуйки,131,139,151,151,153
Центральный,Белгородская,Губкин,117,139,149,159,172
Центральный,Белгородская,Старый Оскол,520,521,530,539,539
Центральный,Белгородская,Шебекино,149,149,150,150,150
Центральный,Брянская,Дятьково,71,69,70,72,72
Центральный,Брянская,Фокино,23,23,23,19,19
Центральный,Брянская,Жуковка,48,44,44,44,44
Центральный,Брянская,Злынка,24,24,24,24,24
Центральный,Брянская,Карачев,15,15,15,15,15
Центральный,Брянская,Мглин,52,42,39,39,39
Центральный,Брянская,Почеп,10,15,15,15,15
Центральный,Брянская,Севск,50,50,50,50,50
Центральный,Брянская,Стародуб,40,40,40,55,55
Центральный,Брянская,Сураж,33,33,33,32,33
Центральный,Брянская,Трубчевск,60,72,72,72,72
Центральный,Брянская,Унеча,24,41,74,29,29
Центральный,Брянская,Брянск,588,656,624,1124,1124
Центральный,Брянская,Клинцы,153,173,170,165,165
Центральный,Брянская,Новозыбков,87,115,111,140,140
Центральный,Брянская,Сельцо,30,30,34,34,34
Центральный,Владимирская,Александров,82,80,73,57,6
Центральный,Владимирская,Карабаново,49,48,48,48,46
Центральный,Владимирская,Струнино,50,52,53,53,53
Центральный,Владимирская,Вязники,35,35,37,37,39
Центральный,Владимирская,Гороховец,10,11,12,11,13
Центральный,Владимирская,Курлово,10,10,14,15,21
Центральный,Владимирская,Камешково,32,32,33,33,37
Центральный,Владимирская,Киржач,25,29,33,34,42
Центральный,Владимирская,Кольчугино,85,87,98,101,103
Центральный,Владимирская,Меленки,26,28,28,29,31
Центральный,Владимирская,Петушки,27,30,37,38,41
Центральный,Владимирская,Костерово,20,21,22,26,31
Центральный,Владимирская,Покров,18,29,30,36,37
Центральный,Владимирская,Собинка,105,106,106,106,109
Центральный,Владимирская,Лакинск,40,43,53,56,70
Центральный,Владимирская,Судогда,40,38,43,47,59
Центральный,Владимирская,Суздаль,37,39,39,49,51
Центральный,Владимирская,Юрьев-Польский,38,51,52,42,45
Центральный,Владимирская,Владимир,403,381,360,324,334
Центральный,Владимирская,Гусь-Хрустальный,17,19,39,41,41
Центральный,Владимирская,Ковров,206,167,134,149,137
Центральный,Владимирская,Муром,202,192,150,207,209
Центральный,Владимирская,Радужный (Владимирская область),,,,,
Центральный,Воронежская,Бобров,80,80,75,80,90
Центральный,Воронежская,Богучар,20,20,14,19,26
Центральный,Воронежская,Бутурлиновка,21,27,27,27,77
Центральный,Воронежская,Калач,15,41,44,42,45
Центральный,Воронежская,Лиски,50,50,50,65,75
Центральный,Воронежская,Новохоперск,21,21,36,21,23
Центральный,Воронежская,Острогожск,70,70,85,85,85
Центральный,Воронежская,Павловск (Воронежская область),10,10,56,42,60
Центральный,Воронежская,Поворино,20,20,10,11,11
Центральный,Воронежская,Россошь,92,49,98,78,73
Центральный,Воронежская,Семилуки,58,58,60,58,58
Центральный,Воронежская,Эртиль,24,24,48,33,33
Центральный,Воронежская,Воронеж,1389,1744,1713,1780,1937
Центральный,Воронежская,Борисоглебск,145,120,145,147,161
Центральный,Воронежская,Нововоронеж,70,60,60,60,60
Центральный,Ивановская,Гаврилов посад,45,44,44,29,33
Центральный,Ивановская,Заволжск,35,36,36,36,36
Центральный,Ивановская,Кохма,70,71,75,76,75
Центральный,Ивановская,Наволоки,47,49,45,60,45
Центральный,Ивановская,Комсомольск,20,22,23,23,43
Центральный,Ивановская,Плес,15,15,15,15,15
Центральный,Ивановская,Приволжск,35,35,35,35,35
Центральный,Ивановская,Пучеж,24,25,25,23,23
Центральный,Ивановская,Родники,63,64,57,68,70
Центральный,Ивановская,Южа,34,34,34,34,35
Центральный,Ивановская,Юрьевец,37,37,37,37,39
Центральный,Ивановская,Иваново,988,1117,1253,1320,1489
Центральный,Ивановская,Вичуга,79,79,79,54,54
Центральный,Ивановская,Кинешма,298,302,302,240,190
Центральный,Ивановская,Тейково,10,17,22,15,15
Центральный,Ивановская,Фурманов,,,,,
Центральный,Ивановская,Шуя,102,110,113,114,114
Центральный,Тверская,Андреаполь,17,17,17,17,17
Центральный,Тверская,Белый,5,5,5,5,8
Центральный,Тверская,Весьегонск,20,20,20,20,20
Центральный,Тверская,Западная Двина,40,27,19,19,19
Центральный,Тверская,Зубцов,13,21,21,21,21
Центральный,Тверская,Калязин,,,,,
Центральный,Тверская,Красный холм,14,12,12,12,12
Центральный,Тверская,Кувшиново,12,12,12,12,13
Центральный,Тверская,Лихославль,10,12,12,12,13
Центральный,Тверская,Старица,12,15,15,15,15
Центральный,Тверская,Торопец,18,18,18,18,23
Центральный,Тверская,Тверь,433,508,514,605,593
Центральный,Тверская,Бежецк,,,,,
Центральный,Тверская,Бологое,30,30,30,30,30
Центральный,Тверская,Вышний Волочек,156,181,181,171,171
Центральный,Тверская,Кашин,70,70,70,60,60
Центральный,Тверская,Кимры,30,30,70,70,45
Центральный,Тверская,Конаково,50,50,83,83,66
Центральный,Тверская,Нелидово,,,,,
Центральный,Тверская,Осташков,10,12,14,14,14
Центральный,Тверская,Ржев,88,88,88,58,83
Центральный,Тверская,Торжок,90,90,95,95,80
Центральный,Тверская,Удомля,45,75,65,65,65
Центральный,Калужская,Боровск,45,36,27,31,31
Центральный,Калужская,Балабаново,60,63,76,70,70
Центральный,Калужская,Кондрово,48,30,32,46,46
Центральный,Калужская,Жиздра,21,22,22,27,25
Центральный,Калужская,Жуков,6,22,18,17,17
Центральный,Калужская,Козельск,57,58,54,50,52
Центральный,Калужская,Сосенский,55,55,60,60,44
Центральный,Калужская,Малоярославец,10,10,8,8,8
Центральный,Калужская,Медынь,15,15,15,15,15
Центральный,Калужская,Мещовск,23,23,23,21,23
Центральный,Калужская,Мосальск,15,15,15,15,15
Центральный,Калужская,Спас-Деменск,19,19,19,19,24
Центральный,Калужская,Сухиничи,62,53,53,55,54
Центральный,Калужская,Таруса,35,35,35,35,19
Центральный,Калужская,Юхнов,15,10,10,5,13
Центральный,Калужская,Калуга,337,319,755,1049,1004
Центральный,Калужская,Киров (Калужская область),81,61,61,81,28
Центральный,Калужская,Людиново,68,68,56,56,53
Центральный,Калужская,Обнинск,52,52,52,84,132
Центральный,Костромская,Кологрив,20,20,8,5,4
Центральный,Костромская,Макарьев,30,28,18,18,19
Центральный,Костромская,Солигалич,,,,,
Центральный,Костромская,Чухлома,9,5,,,
Центральный,Костромская,Кострома,473,392,334,661,886
Центральный,Костромская,Буй,60,60,30,,
Центральный,Костромская,Волгореченск,31,31,34,36,46
Центральный,Костромская,Галич,19,13,26,32,35
Центральный,Костромская,Мантурово,26,22,34,38,41
Центральный,Костромская,Нерехта,65,37,34,35,35
Центральный,Костромская,Нея,64,32,30,29,28
Центральный,Костромская,Шарья,73,58,20,21,21
Центральный,Курская,Дмитриев-Льговский,,,,,
Центральный,Курская,Обоянь,,,,,
Центральный,Курская,Рыльск,,,,,
Центральный,Курская,Суджа,,,,,
Центральный,Курская,Фатеж,,,,,
Центральный,Курская,Курск,184,149,212,548,575
Центральный,Курская,Железногорск,104,104,104,110,144
Центральный,Курская,Курчатов,90,90,90,90,90
Центральный,Курская,Льгов,,,,,
Центральный,Курская,Щигры,,,,,
Центральный,Липецкая,Грязи,100,100,140,140,150
Центральный,Липецкая,Данков,98,65,30,30,67
Центральный,Липецкая,Задонск,60,24,70,70,34
Центральный,Липецкая,Лебедянь,18,18,23,23,66
Центральный,Липецкая,Усмань,15,46,46,46,60
Центральный,Липецкая,Чаплыгин,7,14,46,46,52
Центральный,Липецкая,Липецк,430,430,,,1734
Центральный,Липецкая,Елец,195,270,245,245,300
Центральный,Московская,Москва,1127,2212,2303,9349,11402
Центральный,Московская,Зеленоград,,,,,
Центральный,Московская,Балашиха,24,30,30,259,301
Центральный,Московская,Волоколамск,17,25,17,17,17
Центральный,Московская,Воскресенск,70,70,191,190,166
Центральный,Московская,Дмитров,85,73,73,83,73
Центральный,Московская,Яхрома,26,27,27,30,30
Центральный,Московская,Домодедово,113,131,175,172,175
Центральный,Московская,Егорьевск,176,76,97,97,158
Центральный,Московская,Сергиев Посад,30,45,65,247,247
Центральный,Московская,Краснозаводск,43,47,57,58,58
Центральный,Московская,Пересвет,19,19,19,19,19
Центральный,Московская,Хотьково,23,25,27,27,27
Центральный,Московская,Зарайск,50,50,87,87,95
Центральный,Московская,Истра,35,35,30,30,30
Центральный,Московская,Дедовск,35,35,35,39,39
Центральный,Московская,Кашира,21,28,37,37,37
Центральный,Московская,Ожерелье,30,30,30,30,30
Центральный,Московская,Клин,183,184,192,187,187
Центральный,Московская,Высоковск,18,18,15,30,37
Центральный,Московская,Красногорск (Московская область),145,140,140,144,144
Центральный,Московская,Видное,20,59,85,99,48
Центральный,Московская,Московский,,,,,
Центральный,Московская,Луховицы,121,100,110,224,226
Центральный,Московская,Люберцы,249,249,165,177,239
Центральный,Московская,Можайск,28,28,34,34,68
Центральный,Московская,Мытищи,20,20,20,374,514
Центральный,Московская,Наро-Фоминск,110,110,59,121,57
Центральный,Московская,Апрелевка,44,44,44,28,23
Центральный,Московская,Верея,11,10,12,13,12
Центральный,Московская,Ногинск,323,323,323,343,323
Центральный,Московская,Старая Купавна,85,85,85,85,85
Центральный,Московская,Электроугли,15,15,15,15,15
Центральный,Московская,Одинцово,53,53,53,53,101
Центральный,Московская,Голицыно,6,6,6,6,5
Центральный,Московская,Кубинка,30,38,38,38,38
Центральный,Московская,Озеры,6,5,5,4,2
Центральный,Московская,Дрезна,2,25,19,19,9
Центральный,Московская,Куровское,4,11,59,73,42
Центральный,Московская,Ликино-Дулево,4,11,59,73,42
Центральный,Московская,Павловский Посад,95,95,95,95,95
Центральный,Московская,Пушкино,96,83,127,116,135
Центральный,Московская,Раменское,196,196,182,186,186
Центральный,Московская,Руза,20,21,21,41,41
Центральный,Московская,Черноголовка,,,,,
Центральный,Московская,Электрогорск,,,,,
Центральный,Московская,Солнечногорск,103,169,173,93,257
Центральный,Московская,Ступино,70,89,123,141,150
Центральный,Московская,Талдом,15,26,83,83,117
Центральный,Московская,Сходня,,,,,
Центральный,Московская,Чехов (Московская область),40,40,119,119,119
Центральный,Московская,Шатура,50,51,112,51,51
Центральный,Московская,Щелково,55,70,66,87,80
Центральный,Московская,Бронницы,43,43,43,43,43
Центральный,Московская,Дзержинский,72,94,94,74,74
Центральный,Московская,Долгопрудный,122,122,122,122,122
Центральный,Московская,Дубна,108,108,214,196,
Центральный,Московская,Железнодорожный,1,139,154,165,171
Центральный,Московская,Жуковский,116,116,131,131,131
Центральный,Московская,Звенигород,25,32,32,32,32
Центральный,Московская,Ивантеевка,,,,,
Центральный,Московская,Королев,114,114,114,114,114
Центральный,Московская,Климовск,,,,,
Центральный,Московская,Коломна,146,172,174,172,116
Центральный,Московская,Лобня,35,35,35,,30
Центральный,Московская,Лыткарино,20,19,46,46,46
Центральный,Московская,Лосино-Петровский,10,12,12,14,34
Центральный,Московская,Красноармейск (Московская область),22,22,50,51,43
Центральный,Московская,Котельники,35,35,35,84,84
Центральный,Московская,Орехово-Зуево,312,673,708,798,923
Центральный,Московская,Подольск,307,307,307,307,307
Центральный,Московская,Пущино,18,9,9,9,9
Центральный,Московская,Реутов,50,50,50,50,50
Центральный,Московская,Рошаль,35,35,38,41,41
Центральный,Московская,Протвино,37,43,45,47,47
Центральный,Московская,Серпухов,184,131,131,131,131
Центральный,Московская,Троицк (Московская область),46,46,46,46,46
Центральный,Московская,Фрязино,84,84,84,84,84
Центральный,Московская,Химки,90,90,90,90,90
Центральный,Московская,Щербинка,,,,,
Центральный,Московская,Электросталь,177,177,177,182,187
Центральный,Московская,Юбилейный,54,54,20,20,20
Центральный,Орловская,Болхов,32,20,21,30,35
Центральный,Орловская,Дмитровск,10,17,20,20,20
Центральный,Орловская,Малоархангельск,13,16,16,16,16
Центральный,Орловская,Новосиль,15,18,18,23,23
Центральный,Орловская,Орел,174,244,277,921,737
Центральный,Орловская,Ливны,45,43,43,44,136
Центральный,Орловская,Мценск,55,55,57,65,111
Центральный,Рязанская,Спас-Клепики,23,72,49,49,49
Центральный,Рязанская,Кораблино,28,28,56,63,63
Центральный,Рязанская,Михайлов,25,25,45,25,60
Центральный,Рязанская,Новомичуринск,30,45,45,45,55
Центральный,Рязанская,Рыбное,10,64,64,64,81
Центральный,Рязанская,Ряжск,80,50,85,115,133
Центральный,Рязанская,Спасск-Рязанский,20,50,50,45,50
Центральный,Рязанская,Шацк,43,32,32,32,32
Центральный,Рязанская,Рязань,716,503,401,524,712
Центральный,Рязанская,Касимов,111,86,106,111,115
Центральный,Рязанская,Сасово,75,55,60,60,69
Центральный,Рязанская,Скопин,65,70,110,110,82
Центральный,Смоленская,Велиж,24,35,38,37,40
Центральный,Смоленская,Вязьма,82,82,82,82,93
Центральный,Смоленская,Гагарин,42,37,58,63,69
Центральный,Смоленская,Демидов,32,32,34,34,36
Центральный,Смоленская,Дорогобуж,70,73,75,80,82
Центральный,Смоленская,Духовщина,20,27,33,33,59
Центральный,Смоленская,Ельня,29,30,37,37,37
Центральный,Смоленская,Починок,37,44,44,47,74
Центральный,Смоленская,Рославль,55,50,78,73,94
Центральный,Смоленская,Рудня,36,42,52,34,74
Центральный,Смоленская,Сафоново,99,74,99,99,114
Центральный,Смоленская,Сычевка,1,2,2,30,38
Центральный,Смоленская,Ярцево,32,32,31,19,45
Центральный,Смоленская,Смоленск,168,156,244,240,250
Центральный,Смоленская,Десногорск,11,11,13,23,21
Центральный,Тамбовская,Жердевка,68,,,57,38
Центральный,Тамбовская,Тамбов,287,323,347,688,757
Центральный,Тамбовская,Кирсанов,30,30,30,30,32
Центральный,Тамбовская,Котовск,55,46,46,45,44
Центральный,Тамбовская,Мичуринск,221,198,144,189,207
Центральный,Тамбовская,Моршанск,120,84,92,94,72
Центральный,Тамбовская,Рассказово,72,88,97,109,99
Центральный,Тамбовская,Уварово,94,80,72,61,54
Центральный,Тульская,Алексин,58,47,45,47,40
Центральный,Тульская,Белев,35,35,35,35,22
Центральный,Тульская,Венев,20,29,29,49,49
Центральный,Тульская,Ефремов,104,86,86,86,90
Центральный,Тульская,Кимовск,40,35,40,48,45
Центральный,Тульская,Киреевск,50,47,45,47,47
Центральный,Тульская,Болохово,16,12,12,12,12
Центральный,Тульская,Липки,24,24,24,24,24
Центральный,Тульская,Новомосковск,331,230,215,155,286
Центральный,Тульская,Сокольники,0,0,0,0,0
Центральный,Тульская,Плавск,20,21,25,25,20
Центральный,Тульская,Суворов,99,110,115,112,125
Центральный,Тульская,Чекалин,0,0,0,0,0
Центральный,Тульская,Советск (Тульская область),10,15,17,19,19
Центральный,Тульская,Ясногорск,41,24,29,27,29
Центральный,Тульская,Тула,429,589,679,780,987
Центральный,Тульская,Богородицк,25,25,25,25,56
Центральный,Тульская,Донской,40,65,65,75,75
Центральный,Тульская,Северо-Задонск,11,12,12,12,12
Центральный,Тульская,Узловая,142,128,146,134,60
Центральный,Тульская,Щекино,6,19,20,78,108
Центральный,Ярослаская,Гаврилов-Ям,0,7,10,10,15
Центральный,Ярослаская,Данилов,31,39,41,41,50
Центральный,Ярослаская,Любим,0,0,3,7,9
Центральный,Ярослаская,Мышкин,11,11,16,17,20
Центральный,Ярослаская,Пошехонье,9,9,9,9,10
Центральный,Ярослаская,Ярославль,454,466,497,545,1104
Центральный,Ярослаская,Переславль-Залесский,60,40,68,55,175
Центральный,Ярослаская,Ростов,12,19,28,34,45
Центральный,Ярослаская,Рыбинск,130,169,180,269,277
Центральный,Ярослаская,Тутаев,15,20,78,98,106
Центральный,Ярослаская,Углич,28,49,53,88,100
Северо-западный,Архангельская,Нарьян-Мар,20,15,15,15,15
Северо-западный,Архангельская,Вельск,14,14,48,61,55
Северо-западный,Архангельская,Каргополь,12,17,28,29,45
Северо-западный,Архангельская,Сольвычегодск,17,17,17,17,17
Северо-западный,Архангельская,Мезень,16,16,16,16,16
Северо-западный,Архангельская,Няндома,26,26,20,68,49
Северо-западный,Архангельская,Шенкурск,15,15,15,15,15
Северо-западный,Архангельская,Архангельск,79,69,40,505,505
Северо-западный,Архангельская,Коряжма,54,54,54,54,54
Северо-западный,Архангельская,Котлас,20,20,30,96,100
Северо-западный,Архангельская,Новодвинск,59,59,59,59,59
Северо-западный,Архангельская,Онега,10,18,49,60,55
Северо-западный,Архангельская,Северодвинск,115,115,75,378,287
Северо-западный,Вологодская,Бабаево,,,,,
Северо-западный,Вологодская,Белозерск,45,42,42,42,37
Северо-западный,Вологодская,Вытегра,35,35,35,35,36
Северо-западный,Вологодская,Грязовец,48,48,48,48,49
Северо-западный,Вологодская,Кириллов,15,15,15,17,17
Северо-западный,Вологодская,Никольск (Вологодская область),43,43,43,43,43
Северо-западный,Вологодская,Кадников,25,25,25,25,23
Северо-западный,Вологодская,Тотьма,38,38,38,105,128
Северо-западный,Вологодская,Устюжна,25,18,18,12,12
Северо-западный,Вологодская,Харовск,32,25,25,25,31
Северо-западный,Вологодская,Вологда,130,75,75,507,513
Северо-западный,Вологодская,Великий Устюг,71,71,71,93,93
Северо-западный,Вологодская,Красавино,19,19,19,19,18
Северо-западный,Вологодская,Сокол,107,95,80,80,75
Северо-западный,Вологодская,Череповец,708,703,491,18,383
Северо-западный,Калининградская,Багратионовск,76,60,60,60,60
Северо-западный,Калининградская,Ладушкин,27,27,25,25,30
Северо-западный,Калининградская,Мамоново,30,30,30,24,24
Северо-западный,Калининградская,Гвардейск,25,31,33,33,33
Северо-западный,Калининградская,Гурьевск (Калининградская область),105,100,88,88,88
Северо-западный,Калининградская,Гусев,15,15,15,15,15
Северо-западный,Калининградская,Зеленоградск,8,22,22,30,30
Северо-западный,Калининградская,Краснознаменск (Калининградская область),16,16,14,12,12
Северо-западный,Калининградская,Неман,20,36,36,36,20
Северо-западный,Калининградская,Нестеров,25,30,25,25,25
Северо-западный,Калининградская,Озерск,30,30,30,30,30
Северо-западный,Калининградская,Полесск,22,24,29,29,29
Северо-западный,Калининградская,Правдинск,25,25,25,25,25
Северо-западный,Калининградская,Славск,32,35,30,30,30
Северо-западный,Калининградская,Черняховск,90,120,60,70,60
Северо-западный,Калининградская,Калининград,598,714,721,782,754
Северо-западный,Калининградская,Балтийск,36,53,35,33,33
Северо-западный,Калининградская,Приморск (Калининградская область),25,30,25,25,25
Северо-западный,Калининградская,Пионерский,15,15,15,20,20
Северо-западный,Калининградская,Светлогорск,14,14,14,16,16
Северо-западный,Калининградская,Светлый,39,32,28,28,28
Северо-западный,Калининградская,Советск (Калининградская область),95,145,115,121,111
Северо-западный,Ленинградская,Санкт-Петербург,1065,1439,1887,7782,7901
Северо-западный,Ленинградская,Колпино,,,,,
Северо-западный,Ленинградская,Кронштатдт,,,,,
Северо-западный,Ленинградская,Зеленогорск,,,,,
Северо-западный,Ленинградская,Сестрорецк,,,,,
Северо-западный,Ленинградская,Петергоф,,,,,
Северо-западный,Ленинградская,Ломоносов,,,,,
Северо-западный,Ленинградская,Пушкин,,,,,
Северо-западный,Ленинградская,Павловск (г.Санкт-Петербург),,,,,
Северо-западный,Ленинградская,Волосово,180,183,210,210,210
Северо-западный,Ленинградская,Новая ладога,24,23,,23,128
Северо-западный,Ленинградская,Сясьстрой,30,29,29,14,64
Северо-западный,Ленинградская,Высоцк,,,,,
Северо-западный,Ленинградская,Каменногорск,10,10,10,14,23
Северо-западный,Ленинградская,Приморск (Ленинградская область),1,1,6,,
Северо-западный,Ленинградская,Светогорск,20,20,17,21,51
Северо-западный,Ленинградская,Коммунар,,,,,16
Северо-западный,Ленинградская,Отрадное,38,38,31,40,202
Северо-западный,Ленинградская,Любань,8,8,8,,26
Северо-западный,Ленинградская,Никольское,25,25,25,15,25
Северо-западный,Ленинградская,Бокситогорск,18,18,18,,140
Северо-западный,Ленинградская,Волхов,105,52,52,175,345
Северо-западный,Ленинградская,Всеволжск,110,110,115,110,1241
Северо-западный,Ленинградская,Выборг,70,70,70,60,334
Северо-западный,Ленинградская,Гатчина,14,14,17,14,185
Северо-западный,Ленинградская,Ивангород,32,30,27,21,25
Северо-западный,Ленинградская,Кингисепп,57,57,47,24,56
Северо-западный,Ленинградская,Кириши,20,20,19,47,66
Северо-западный,Ленинградская,Кировск (Ленинградская область),30,30,36,38,21
Северо-западный,Ленинградская,Лодейное поле,37,52,15,48,42
Северо-западный,Ленинградская,Луга,35,30,30,30,42
Северо-западный,Ленинградская,Пикалево,24,24,24,51,59
Северо-западный,Ленинградская,Подпорожье,53,53,53,40,127
Северо-западный,Ленинградская,Приозерск,78,89,160,182,230
Северо-западный,Ленинградская,Серталово,118,110,110,110,110
Северо-западный,Ленинградская,Сланцы,73,75,75,60,99
Северо-западный,Ленинградская,Сосновый бор,87,87,88,41,39
Северо-западный,Ленинградская,Тихвин,62,62,62,61,221
Северо-западный,Ленинградская,Тосно,44,44,44,45,69
Северо-западный,Ленинградская,Шлиссельбург,21,29,29,30,56
Северо-западный,Мурманская,Кандалакша,75,94,107,97,87
Северо-западный,Мурманская,Ковдор,28,24,36,42,
Северо-западный,Мурманская,Кола,27,27,30,51,48
Северо-западный,Мурманская,Заполярный,73,78,68,77,62
Северо-западный,Мурманская,Мурманск,133,174,172,886,569
Северо-западный,Мурманская,Апатиты,40,49,43,129,133
Северо-западный,Мурманская,Кировск (Мурманская область),33,32,32,,
Северо-западный,Мурманская,Мончегорск,64,83,82,102,90
Северо-западный,Мурманская,Оленегорск,20,30,33,40,44
Северо-западный,Мурманская,Полярные зори,12,12,12,12,12
Северо-западный,Мурманская,Полярный,0,0,0,0,0
Северо-западный,Мурманская,Североморск,0,0,0,0,0
Северо-западный,Новгородская,Валдай,125,130,130,150,72
Северо-западный,Новгородская,Малая Вишера,36,36,58,52,46
Северо-западный,Новгородская,Окуловка,30,43,42,65,65
Северо-западный,Новгородская,Пестово,60,75,75,75,45
Северо-западный,Новгородская,Сольцы,40,40,40,33,33
Северо-западный,Новгородская,Холм,19,19,19,15,15
Северо-западный,Новгородская,Чудово,53,48,48,55,50
Северо-западный,Новгородская,Великий Новгород,340,364,380,503,538
Северо-западный,Новгородская,Боровичи,90,105,90,91,111
Северо-западный,Новгородская,Старая Русса,110,200,200,150,150
Северо-западный,Псковская,Гдов,24,20,21,21,23
Северо-западный,Псковская,Дно,12,12,17,30,30
Северо-западный,Псковская,Невель,50,50,34,34,34
Северо-западный,Псковская,Новоржев,17,17,17,21,21
Северо-западный,Псковская,Новосокольники,30,30,57,23,23
Северо-западный,Псковская,Опочка,22,22,22,22,22
Северо-западный,Псковская,Остров,59,38,80,42,42
Северо-западный,Псковская,Печоры,28,28,28,28,29
Северо-западный,Псковская,Порхов,36,37,38,27,28
Северо-западный,Псковская,Пустошка,7,7,15,16,16
Северо-западный,Псковская,Пыталово,15,16,17,20,19
Северо-западный,Псковская,Себеж,30,30,30,30,30
Северо-западный,Псковская,Псков,226,281,288,315,369
Северо-западный,Псковская,Великие Луки,94,79,85,72,67
Северо-западный,Респ. Карелия,Беломорск,6,8,5,15,19
Северо-западный,Респ. Карелия,Кемь,25,43,12,10,22
Северо-западный,Респ. Карелия,Кондопога,17,17,37,41,66
Северо-западный,Респ. Карелия,Лахденпохья,10,10,10,9,9
Северо-западный,Респ. Карелия,Медвежьегорск,2,2,34,40,57
Северо-западный,Респ. Карелия,Олонец,10,10,5,17,17
Северо-западный,Респ. Карелия,Питкяранта,22,22,16,16,16
Северо-западный,Респ. Карелия,Пудож,17,21,18,16,27
Северо-западный,Респ. Карелия,Сегежа,51,51,55,55,116
Северо-западный,Респ. Карелия,Суоярви,26,26,26,26,23
Северо-западный,Респ. Карелия,Петрозаводск,219,227,199,579,672
Северо-западный,Респ. Карелия,Костомукша,38,38,13,45,47
Северо-западный,Респ. Карелия,Сортавала,20,20,39,42,38
Северо-западный,Респ. Коми,Емва,55,55,55,55,55
Северо-западный,Респ. Коми,Микунь,20,20,20,41,41
Северо-западный,Респ. Коми,Сыктывкар,243,211,216,518,506
Северо-западный,Респ. Коми,Воркута,247,167,168,491,463
Северо-западный,Респ. Коми,Вуктыл,13,12,18,20,13
Северо-западный,Респ. Коми,Инта,10,10,68,72,78
Северо-западный,Респ. Коми,Печора,25,25,25,141,171
Северо-западный,Респ. Коми,Сосногорск,20,20,20,98,75
Северо-западный,Респ. Коми,Усинск,15,13,13,75,122
Северо-западный,Респ. Коми,Ухта,9,4,2,104,104
Южный,Краснодарский край,Абинск,56,,61,61,84
Южный,Краснодарский край,Апшеронск,59,55,34,34,34
Южный,Краснодарский край,Хадыженск,39,39,39,39,39
Южный,Краснодарский край,Гулькевичи,52,52,52,50,60
Южный,Краснодарский край,Кореновск,63,75,160,100,62
Южный,Краснодарский край,Курганинск,33,40,100,100,120
Южный,Краснодарский край,Новокубанск,98,53,53,40,65
Южный,Краснодарский край,Приморско-Ахтарск,21,25,40,47,48
Южный,Краснодарский край,Темрюк,28,28,13,12,20
Южный,Краснодарский край,Тимашевск,67,92,110,130,145
Южный,Краснодарский край,Усть-Лабинск,120,123,74,125,127
Южный,Краснодарский край,Краснодар,232,,1880,256,280
Южный,Краснодарский край,Анапа,219,219,109,98,80
Южный,Краснодарский край,Армавир,341,341,418,408,408
Южный,Краснодарский край,Белореченск,50,50,60,130,85
Южный,Краснодарский край,Геленджик,57,57,216,216,216
Южный,Краснодарский край,Горячий ключ,13,1,52,92,92
Южный,Краснодарский край,Ейск,139,295,305,307,295
Южный,Краснодарский край,Кропоткин,126,126,126,126,126
Южный,Краснодарский край,Крымск,178,178,158,178,173
Южный,Краснодарский край,Лабинск,216,230,131,125,125
Южный,Краснодарский край,Новороссийск,189,180,184,187,194
Южный,Краснодарский край,Славянск-на-Кубани,90,90,90,110,128
Южный,Краснодарский край,Сочи,422,,313,313,482
Южный,Краснодарский край,Тихорецк,81,80,82,82,85
Южный,Краснодарский край,Туапсе,152,130,145,124,120
Южный,Астраханская,Ахтубинск,30,25,25,25,26
Южный,Астраханская,Камызяк,60,47,32,28,30
Южный,Астраханская,Нариманов,22,20,20,23,27
Южный,Астраханская,Харабали,,53,48,32,32
Южный,Астраханская,Астрахань,514,543,726,1152,1178
Южный,Волгоградская,Дубовка,54,54,54,54,54
Южный,Волгоградская,Жирновск,97,35,35,35,32
Южный,Волгоградская,Калач-на-Дону,15,15,15,31,18
Южный,Волгоградская,Петров Вал,41,41,41,41,41
Южный,Волгоградская,Котельниково,64,64,64,64,68
Южный,Волгоградская,Котово,94,46,46,34,37
Южный,Волгоградская,Ленинск,50,48,48,48,54
Южный,Волгоградская,Николаевск,50,50,50,50,72
Южный,Волгоградская,Новоаннинский,40,40,40,55,32
Южный,Волгоградская,Палласовка,45,24,16,17,39
Южный,Волгоградская,Серафимович,45,45,45,45,45
Южный,Волгоградская,Краснослободск (Волгоградская область),35,35,35,37,40
Южный,Волгоградская,Суровикино,45,45,45,55,52
Южный,Волгоградская,Волгоград,579,554,578,1176,1328
Южный,Волгоградская,Волжский,136,136,106,309,354
Южный,Волгоградская,Камышин,Камышин,226,225,187,232
Южный,Волгоградская,Михайловка,Михайловка,189,189,184,205
Южный,Волгоградская,Урюпинск,Урюпинск,105,105,95,95
Южный,Волгоградская,Фролово,Фролово,89,93,93,95
Южный,Ростовская,Аксай,,,,,
Южный,Ростовская,Белая Калитва,,,,,
Южный,Ростовская,Зерноград,,,,,
Южный,Ростовская,Константиновск,,,,,
Южный,Ростовская,Красный Сулин,,,,,
Южный,Ростовская,Миллерово,,,,,
Южный,Ростовская,Морозовск,,,,,
Южный,Ростовская,Пролетарск,,,,,
Южный,Ростовская,Сальск,,,,,
Южный,Ростовская,Семикаракорск,,,,,
Южный,Ростовская,Цимлянск,,,,,
Южный,Ростовская,Ростов-на-Дону,704,791,745,815,856
Южный,Ростовская,Азов,90,90,98,107,112
Южный,Ростовская,Батайск,20,65,65,75,81
Южный,Ростовская,Волгодонск,274,369,369,394,394
Южный,Ростовская,Гуково,120,115,115,90,90
Южный,Ростовская,Донецк,75,105,105,105,105
Южный,Ростовская,Зверево,60,75,75,75,75
Южный,Ростовская,Каменск-Шахтинский,90,90,90,93,99
Южный,Ростовская,Новочеркасск,199,199,249,203,199
Южный,Ростовская,Новошахтинск,0,0,4,4,5
Южный,Ростовская,Таганрог,95,140,160,225,270
Южный,Ростовская,Шахты,82,82,82,82,82
Южный,Респ. Адыгея,Майкоп,160,125,85,85,435
Южный,Респ. Адыгея,Адыгейск,15,5,4,4,19
Южный,Респ. Калмыкия,Городовиковск,23,23,23,23,23
Южный,Респ. Калмыкия,Лагань,48,28,28,8,34
Южный,Респ. Калмыкия,Элиста,143,131,156,405,403
Приволжский,Нижегородская,Балахна,64,64,64,71,88
Приволжский,Нижегородская,Богородск,81,81,86,111,85
Приволжский,Нижегородская,Ветлуга,32,32,32,32,34
Приволжский,Нижегородская,Городец,76,57,67,68,68
Приволжский,Нижегородская,Заволжье,77,86,78,79,79
Приволжский,Нижегородская,Володарск,,,,,
Приволжский,Нижегородская,Княгинино,29,25,25,23,23
Приволжский,Нижегородская,Кстово,115,88,119,110,120
Приволжский,Нижегородская,Кулебаки,10,18,12,5,3
Приволжский,Нижегородская,Лукоянов,3,3,3,3,3
Приволжский,Нижегородская,Лысково,57,57,57,58,63
Приволжский,Нижегородская,Навашино,40,40,40,40,37
Приволжский,Нижегородская,Павлово,221,161,174,180,200
Приволжский,Нижегородская,Ворсма,27,27,33,33,21
Приволжский,Нижегородская,Горбатов,10,10,10,10,10
Приволжский,Нижегородская,Перевоз,35,35,35,37,31
Приволжский,Нижегородская,Сергач,31,45,45,49,33
Приволжский,Нижегородская,Урень,12,6,12,33,51
Приволжский,Нижегородская,Чкаловск,,,,,
Приволжский,Нижегородская,Нижний Новгород,1765,1564,1445,2291,2305
Приволжский,Нижегородская,Арзамас,179,130,130,129,207
Приволжский,Нижегородская,Бор,38,41,25,10,11
Приволжский,Нижегородская,Выкса,28,28,28,29,24
Приволжский,Нижегородская,Дзержинск,290,290,290,215,215
Приволжский,Нижегородская,Первомайск,36,33,33,33,43
Приволжский,Нижегородская,Семенов,52,52,61,61,61
Приволжский,Нижегородская,Шахунья,79,79,79,67,89
Приволжский,Кировская,Белая Холуница,42,42,28,28,27
Приволжский,Кировская,Кирс,54,54,28,24,6
Приволжский,Кировская,Сосновка,28,24,24,24,24
Приволжский,Кировская,Зуевка,6,,6,10,13
Приволжский,Кировская,Луза,22,22,19,19,19
Приволжский,Кировская,Малмыж,30,30,25,16,13
Приволжский,Кировская,Мураши,14,14,10,10,10
Приволжский,Кировская,Нолинск,27,22,17,17,13
Приволжский,Кировская,Омутнинск,60,15,15,7,5
Приволжский,Кировская,Советск (Кировская область),103,42,42,42,50
Приволжский,Кировская,Уржум,25,20,3,9,26
Приволжский,Кировская,Орлов,50,30,30,20,23
Приволжский,Кировская,Яранск,44,17,16,39,39
Приволжский,Кировская,Киров (Кировская область),501,491,458,481,412
Приволжский,Кировская,Вятские поляны,72,67,69,81,76
Приволжский,Кировская,Кирово-Чепецк,152,149,245,211,183
Приволжский,Кировская,Котельнич,107,100,97,25,92
Приволжский,Кировская,Слободской,10,31,48,70,84
Приволжский,Самарская,Нефтегорск,23,26,26,26,21
Приволжский,Самарская,Самара,349,410,396,2317,2918
Приволжский,Самарская,Жигулевск,20,20,16,76,67
Приволжский,Самарская,Кинель,18,21,20,20,20
Приволжский,Самарская,Новокуйбышевск,75,75,75,247,160
Приволжский,Самарская,Октябрьск,26,25,25,20,20
Приволжский,Самарская,Отрадный,14,27,24,85,95
Приволжский,Самарская,Похвистнево,13,10,9,9,9
Приволжский,Самарская,Сызрань,49,90,88,393,340
Приволжский,Самарская,Тольятти,367,229,257,932,873
Приволжский,Самарская,Чапаевск,55,57,52,149,94
Приволжский,Оренбургская,Оренбург,499,519,510,390,1086
Приволжский,Оренбургская,Абдулино,47,98,129,109,114
Приволжский,Оренбургская,Бугуруслан,96,121,105,105,174
Приволжский,Оренбургская,Бузулук,47,67,57,30,251
Приволжский,Оренбургская,Гай,5,5,10,10,98
Приволжский,Оренбургская,Кувандык,64,62,51,37,65
Приволжский,Оренбургская,Медногорск,15,56,11,10,45
Приволжский,Оренбургская,Новотроицк,110,104,106,99,213
Приволжский,Оренбургская,Орск,182,76,118,118,389
Приволжский,Оренбургская,Соль-Илецк,35,35,35,20,85
Приволжский,Оренбургская,Сорочинск,50,48,48,30,70
Приволжский,Оренбургская,Ясный,45,57,53,53,63
Приволжский,Пензенская,Спасск,,,,,
Приволжский,Пензенская,Белинский,,,,,
Приволжский,Пензенская,Городище,,,,,
Приволжский,Пензенская,Сурск,,,,,
Приволжский,Пензенская,Каменка,,,,,
Приволжский,Пензенская,Нижний Ломов,,,,,
Приволжский,Пензенская,Никольск (Пензенская область),,,,,
Приволжский,Пензенская,Сердобск,,,,,
Приволжский,Пензенская,Пенза,,,,,
Приволжский,Пензенская,Кузнецк,,,,,
Приволжский,Пермский край,Кудымкар,45,42,41,37,39
Приволжский,Пермский край,Верещагино,10,10,10,10,10
Приволжский,Пермский край,Горнозаводск (Пермский край),9,10,10,5,5
Приволжский,Пермский край,Чермоз,11,11,11,9,9
Приволжский,Пермский край,Красновишерск,28,28,28,28,28
Приволжский,Пермский край,Нытва,5,7,10,10,10
Приволжский,Пермский край,Оса,22,17,17,20,15
Приволжский,Пермский край,Оханск,24,25,11,11,17
Приволжский,Пермский край,Очер,18,18,29,10,11
Приволжский,Пермский край,Усолье,18,18,17,12,12
Приволжский,Пермский край,Чердынь,28,28,28,31,31
Приволжский,Пермский край,Чернушка,59,82,72,82,72
Приволжский,Пермский край,Пермь,1007,1091,1061,1279,1107
Приволжский,Пермский край,Александровск,60,60,20,19,26
Приволжский,Пермский край,Березники,107,107,107,311,311
Приволжский,Пермский край,Гремячинск,24,24,20,20,20
Приволжский,Пермский край,Губаха,58,58,42,58,33
Приволжский,Пермский край,Добрянка,86,98,80,80,60
Приволжский,Пермский край,Кизел,26,21,28,26,20
Приволжский,Пермский край,Краснокамск,10,102,100,102,92
Приволжский,Пермский край,Кунгур,46,43,46,90,76
Приволжский,Пермский край,Лысьва,120,57,125,112,115
Приволжский,Пермский край,Соликамск,64,64,69,69,130
Приволжский,Пермский край,Чайковский,186,186,182,182,182
Приволжский,Пермский край,Чусовой,91,61,51,101,93
Приволжский,Саратовская,Аркадак,20,14,14,12,10
Приволжский,Саратовская,Ершов,25,30,10,10,10
Приволжский,Саратовская,Калининск,42,42,30,30,25
Приволжский,Саратовская,Красный Кут,25,25,25,25,25
Приволжский,Саратовская,Новоузенск,28,23,10,10,11
Приволжский,Саратовская,Саратов,535,524,310,253,259
Приволжский,Саратовская,Аткарск,15,10,10,10,10
Приволжский,Саратовская,Балаково,125,92,65,25,55
Приволжский,Саратовская,Балашов,86,114,70,4,0
Приволжский,Саратовская,Вольск,33,33,33,33,30
Приволжский,Саратовская,Красноармейск (Саратовская область),45,25,20,11,7
Приволжский,Саратовская,Маркс,50,35,35,21,21
Приволжский,Саратовская,Петровск,35,35,35,35,34
Приволжский,Саратовская,Пугачев,50,50,47,47,47
Приволжский,Саратовская,Ртищево,64,59,6,6,6
Приволжский,Саратовская,Хвалынск,0,0,0,0,0
Приволжский,Саратовская,Энгельс,76,101,4,,6
Приволжский,Ульяновская,Барыш,35,35,34,35,30
Приволжский,Ульяновская,Инза,27,27,27,48,48
Приволжский,Ульяновская,Сенгилей,25,25,23,23,21
Приволжский,Ульяновская,Ульяновск,215,232,1446,1488,1474
Приволжский,Ульяновская,Димитровград,6,,199,195,192
Приволжский,Ульяновская,Новоульяновск,20,27,30,35,28
Приволжский,Респ. Башкортостан,Уфа,29,475,465,450,535
Приволжский,Респ. Башкортостан,Агидель,0,0,0,0,0
Приволжский,Респ. Башкортостан,Баймак,,,,,
Приволжский,Респ. Башкортостан,Белебей,2,2,2,8,8
Приволжский,Респ. Башкортостан,Белорецк,79,89,91,72,85
Приволжский,Респ. Башкортостан,Бирск,35,35,36,36,36
Приволжский,Респ. Башкортостан,Благовещенск (Республика Башкортостан),3,3,3,3,3
Приволжский,Респ. Башкортостан,Дюртюли,71,76,75,65,71
Приволжский,Респ. Башкортостан,Давлеканово,0,0,0,2,2
Приволжский,Респ. Башкортостан,Ишимбай,60,62,64,59,75
Приволжский,Респ. Башкортостан,Кумертау,5,10,5,5,5
Приволжский,Респ. Башкортостан,Мелеуз,124,116,117,113,88
Приволжский,Респ. Башкортостан,Нефтекамск,,,,,
Приволжский,Респ. Башкортостан,Октябрьский,,,,,
Приволжский,Респ. Башкортостан,Салават,40,40,47,46,52
Приволжский,Респ. Башкортостан,Сибай,,12,32,26,26
Приволжский,Респ. Башкортостан,Стерлитамак,12,20,20,20,20
Приволжский,Респ. Башкортостан,Туймазы,11,10,10,10,10
Приволжский,Респ. Башкортостан,Учалы,2,3,8,8,8
Приволжский,Респ. Башкортостан,Янаул,0,0,2,2,2
Приволжский,Респ. Мари Эл,Звенигово,45,50,50,50,50
Приволжский,Респ. Мари Эл,Йошкар-Ола,138,142,243,274,281
Приволжский,Респ. Мари Эл,Волжск,55,50,50,25,12
Приволжский,Респ. Мари Эл,Козьмодемьянск,33,29,32,32,32
Приволжский,Респ. Мордовия,Ардатов,65,65,65,65,65
Приволжский,Респ. Мордовия,Инсар,45,45,50,50,30
Приволжский,Респ. Мордовия,Краснослободск (Республика Мордовия),30,50,50,50,50
Приволжский,Респ. Мордовия,Темников,35,35,35,45,40
Приволжский,Респ. Мордовия,Саранск,601,623,650,657,657
Приволжский,Респ. Мордовия,Ковылкино,140,140,140,140,140
Приволжский,Респ. Мордовия,Рузаевка,71,76,71,74,80
Приволжский,Респ. Татарстан,Агрыз,69,96,86,104,104
Приволжский,Респ. Татарстан,Арск,69,69,69,69,69
Приволжский,Респ. Татарстан,Болгар,6,6,6,43,44
Приволжский,Респ. Татарстан,Лаишево,30,36,36,36,66
Приволжский,Респ. Татарстан,Мамадыш,9,27,27,79,84
Приволжский,Респ. Татарстан,Менделеевск,55,36,36,48,48
Приволжский,Респ. Татарстан,Мензелинск,26,32,34,44,31
Приволжский,Респ. Татарстан,Тетюши,30,30,32,37,36
Приволжский,Респ. Татарстан,Казань,948,944,1080,2219,2313
Приволжский,Респ. Татарстан,Азнакаево,16,16,15,97,105
Приволжский,Респ. Татарстан,Альметьевск,118,220,204,232,241
Приволжский,Респ. Татарстан,Бавлы,40,41,41,59,59
Приволжский,Респ. Татарстан,Бугульма,127,127,127,299,269
Приволжский,Респ. Татарстан,Буинск,2,8,8,28,28
Приволжский,Респ. Татарстан,Елабуга,20,20,20,89,89
Приволжский,Респ. Татарстан,Заинск,67,101,20,116,116
Приволжский,Респ. Татарстан,Зеленодольск,267,303,281,325,300
Приволжский,Респ. Татарстан,Лениногорск,105,105,104,91,135
Приволжский,Респ. Татарстан,Набережные Челны,237,265,214,831,846
Приволжский,Респ. Татарстан,Нижнекамск,366,393,309,410,477
Приволжский,Респ. Татарстан,Нурлат,7,16,16,55,55
Приволжский,Респ. Татарстан,Чистополь,79,79,71,114,110
Приволжский,Респ. Удмуртия,Камбарка,19,23,28,28,28
Приволжский,Респ. Удмуртия,Ижевск,683,639,689,805,810
Приволжский,Респ. Удмуртия,Воткинск,90,90,90,90,90
Приволжский,Респ. Удмуртия,Глазов,25,25,25,25,25
Приволжский,Респ. Удмуртия,Можга,10,12,26,26,26
Приволжский,Респ. Удмуртия,Сарапул,55,55,55,55,55
Приволжский,Респ. Чувашия,Козловка,24,24,24,46,46
Приволжский,Респ. Чувашия,Мариинский посад,12,12,16,36,36
Приволжский,Респ. Чувашия,Цивильск,21,21,26,39,39
Приволжский,Респ. Чувашия,Ядрин,7,13,13,34,35
Приволжский,Респ. Чувашия,Чебоксары,336,326,327,866,903
Приволжский,Респ. Чувашия,Алатырь,47,47,47,100,125
Приволжский,Респ. Чувашия,Канаш,72,65,65,87,77
Приволжский,Респ. Чувашия,Новочебоксарск,75,75,75,150,140
Приволжский,Респ. Чувашия,Шумерля,39,39,25,57,57